ppg,ecg,resp,sbp,dbp,spo2,hr_ecg,hr_ppg,hrv_sdnn_ecg,rr
1.486454380234810,-0.3147888755065480,-0.6346851574038290,124,87,96.80,86.96427621760570,86.78595850264280,37.77929225837940,8.454117435714330
1.366434365096650,-0.3041982841180550,-0.6439885226091290,124,87,96.79,86.96427621760570,86.78595850264280,37.77929225837940,8.454117435714330
1.0105969540127200,-0.2669046044917900,-0.6517854044437700,124,87,96.79,86.96427621760570,86.78595850264280,37.77929225837940,8.454117435714330
0.8001670737400820,-0.341709936898197,-0.6550118955030970,124,87,96.78,86.96427621760570,86.78595850264280,37.77929225837940,8.454117435714330
0.8235670642727980,-0.3670194105132470,-0.6605203060975660,124,87,96.79,86.96427621760570,86.78595850264280,37.77929225837940,8.454117435714330
0.8300311560071310,-0.4180147097767080,-0.6562853446623230,124,87,96.79,86.96427621760570,86.78595850264280,37.77929225837940,8.454117435714330
0.720131057784756,-0.506584666741424,-0.658191055494794,124,87,96.80,86.96427621760570,86.78595850264280,37.77929225837940,8.454117435714330
0.4909626161825060,-0.5372941954962460,-0.6564437055016090,124,87,96.80,86.96427621760570,86.78595850264280,37.77929225837940,8.454117435714330
0.23490522636412300,-0.5719627339740420,-0.6552152051943380,124,87,96.80,86.96427621760570,86.78595850264280,37.77929225837940,8.454117435714330
0.01692938945231220,-0.33979137080749600,-0.6583641202049280,124,87,96.81,86.96427621760570,86.78595850264280,37.77929225837940,8.454117435714330
-0.17197138667454400,-0.06386507848781840,-0.660777854138463,124,87,96.81,86.96427621760570,86.78595850264280,37.77929225837940,8.454117435714330
-0.34777475663221800,-0.5970167563380110,-0.6658640153196080,124,87,96.82,86.96427621760570,86.78595850264280,37.77929225837940,8.454117435714330
-0.5313606947967030,-0.7164874262412790,-0.6848201012668340,124,87,96.82,86.96427621760570,86.78595850264280,37.77929225837940,8.454117435714330
-0.6884456903296460,2.3206823996818800,-0.7027517527586070,124,87,96.82,86.96427621760570,86.78595850264280,37.77929225837940,8.454117435714330
-0.8523167894263940,-2.5243763120301200,-0.7150069886696350,124,87,96.82,85.01313342323360,86.78595850264280,46.84500753180670,8.454117435714330
-1.030952188987420,-0.21720897984460000,-0.7248598146585530,124,87,96.83,85.01313342323360,86.78595850264280,46.84500753180670,8.454117435714330
-1.1986975483294300,0.09192353377363450,-0.7426690139281660,124,87,96.83,85.01313342323360,86.78595850264280,46.84500753180670,8.454117435714330
-1.4109666281641200,0.44663341294648200,-0.7567864640974400,124,87,96.83,85.01313342323360,86.78595850264280,46.84500753180670,8.454117435714330
-1.671178464787950,0.8640427491256910,-0.7698792647366820,124,87,96.84,85.01313342323360,86.78595850264280,46.84500753180670,8.454117435714330
-1.732483241808930,1.4461839976286300,-0.77977888808984,124,87,96.84,85.01313342323360,86.78595850264280,46.84500753180670,8.454117435714330
-0.9052286655331180,1.9688862658306200,-0.7918562745627920,124,87,96.83,85.01313342323360,86.78595850264280,46.84500753180670,8.454117435714330
0.3506920035313180,1.520773313333470,-0.8045191389173080,124,87,96.80,85.01313342323360,86.78595850264280,46.84500753180670,8.454117435714330
1.0426590893186800,0.5066067550015220,-0.8130437966242830,124,87,96.80,85.01313342323360,86.78595850264280,46.84500753180670,8.454117435714330
1.3337871797934700,-0.04649617312765510,-0.831073266899512,124,87,96.80,85.01313342323360,84.86973246950950,46.84500753180670,8.454117435714330
1.3982743249521800,-0.198099266208648,-0.8412373292653520,124,87,96.81,85.01313342323360,84.86973246950950,46.84500753180670,8.454117435714330
1.359249249372410,-0.1417178140856330,-0.8525048503002400,124,87,96.82,85.01313342323360,84.86973246950950,46.84500753180670,8.454117435714330
1.0644818250084200,-0.07950146870350860,-0.8625239712157880,124,87,96.82,85.01313342323360,84.86973246950950,46.84500753180670,8.454117435714330
0.8241633125984230,-0.11304705984544900,-0.872133727550707,124,87,96.82,85.01313342323360,84.86973246950950,46.84500753180670,8.454117435714330
0.8066369281011360,-0.2374202639101910,-0.87882550760184,124,87,96.82,85.01313342323360,84.86973246950950,46.84500753180670,8.454117435714330
0.8626090049610490,-0.2519092380068100,-0.8791810588177470,124,87,96.82,85.01313342323360,84.86973246950950,46.84500753180670,8.454117435714330
0.8205301178502820,-0.3885256675343080,-0.88478866845223,124,87,96.82,85.01313342323360,84.86973246950950,46.84500753180670,8.454117435714330
0.6058245883474380,-0.36932723771425000,-0.8885743709751740,124,87,96.83,85.01313342323360,84.86973246950950,46.84500753180670,8.454117435714330
0.37175694190550100,-0.4643489311291980,-0.8886643859143330,124,87,96.83,85.01313342323360,84.86973246950950,46.84500753180670,8.454117435714330
0.13833283178436400,-0.38228120052758600,-0.8951303019895450,124,87,96.83,85.01313342323360,84.86973246950950,46.84500753180670,8.454117435714330
-0.0553367344511735,-0.0933563471083165,-0.9002864985340310,124,87,96.83,85.01313342323360,84.86973246950950,46.84500753180670,8.454117435714330
-0.2225861521710920,-0.5403582905352690,-0.9060774054597140,124,87,96.84,85.01313342323360,84.86973246950950,46.84500753180670,8.454117435714330
-0.4129654264917290,-0.6568983567330170,-0.9197765454879300,124,87,96.84,85.01313342323360,84.86973246950950,46.84500753180670,8.454117435714330
-0.5948505618605540,0.985016497513611,-0.932071722576398,124,87,96.84,85.01313342323360,84.86973246950950,46.84500753180670,8.454117435714330
-0.7682718923035330,-4.843746136137200,-0.9460617685250700,124,87,96.85,83.07899285837960,84.86973246950950,53.89402915836420,8.454117435714330
-0.9313862249581810,-0.3119808545278260,-0.9588586655356930,124,87,96.85,83.07899285837960,84.86973246950950,53.89402915836420,8.454117435714330
-1.0939663977609600,0.13540013813082200,-0.97372980051441,124,87,96.83,83.07899285837960,84.86973246950950,53.89402915836420,8.454117435714330
-1.2878071251460900,0.34192243849018600,-0.9860264132147760,124,87,96.81,83.07899285837960,84.86973246950950,53.89402915836420,8.454117435714330
-1.511285876853330,0.695627068180931,-1.0031514624745000,124,87,96.81,83.07899285837960,84.86973246950950,53.89402915836420,8.454117435714330
-1.7066341643396900,1.2530589286639600,-1.021683622306980,124,87,96.81,83.07899285837960,84.86973246950950,53.89402915836420,8.454117435714330
-1.4139133552171300,1.9052784744517400,-1.0399953943291200,124,87,96.81,83.07899285837960,84.86973246950950,53.89402915836420,8.454117435714330
-0.2267970822489590,1.9421198635306700,-1.0540518363181500,124,87,96.80,83.07899285837960,84.86973246950950,53.89402915836420,8.454117435714330
0.7932495796496550,0.7697386648357070,-1.071761365085640,124,87,96.81,83.07899285837960,84.86973246950950,53.89402915836420,8.454117435714330
1.2299886528284000,-0.06188954055558700,-1.0894947324938800,124,87,96.81,83.07899285837960,84.86973246950950,53.89402915836420,8.454117435714330
1.3207033063179400,-0.251317895833272,-1.1050735864797800,124,87,96.82,83.07899285837960,83.02920751727560,53.89402915836420,8.454117435714330
1.3345997992736600,-0.20992236739756000,-1.114641057012270,124,87,96.82,83.07899285837960,83.02920751727560,53.89402915836420,8.454117435714330
1.1545197232381100,-0.2747225423764300,-1.1239488254473900,124,87,96.82,83.07899285837960,83.02920751727560,53.89402915836420,8.454117435714330
0.8497284869484190,-0.1950597474525510,-1.1269034326619900,124,87,96.82,83.07899285837960,83.02920751727560,53.89402915836420,8.454117435714330
0.7428136605858370,-0.28022249123157500,-1.1310765124509200,124,87,96.82,83.07899285837960,83.02920751727560,53.89402915836420,8.454117435714330
0.7901897325253670,-0.3828560503506910,-1.1300571394998900,124,87,96.82,83.07899285837960,83.02920751727560,53.89402915836420,8.454117435714330
0.8152591236132880,-0.4551546234496660,-1.1172803898108400,124,87,96.82,83.07899285837960,83.02920751727560,53.89402915836420,8.454117435714330
0.6842661304375390,-0.4132163243555820,-1.1103351160007900,124,87,96.82,83.07899285837960,83.02920751727560,53.89402915836420,8.454117435714330
0.45534424500838200,-0.5087708830880080,-1.0984387820293000,124,87,96.82,83.07899285837960,83.02920751727560,53.89402915836420,8.454117435714330
0.2161732303606210,-0.5462244329635380,-1.0840591942603200,124,87,96.83,83.07899285837960,83.02920751727560,53.89402915836420,8.454117435714330
0.03538898872291570,-0.33305831190978800,-1.071123172874730,124,87,96.83,83.07899285837960,83.02920751727560,53.89402915836420,8.454117435714330
-0.1458864860177030,-0.12542047408477100,-1.0622459617675700,124,87,96.83,83.07899285837960,83.02920751727560,53.89402915836420,8.454117435714330
-0.32989501254330000,-0.736237388281495,-1.0500950994914200,124,87,96.82,83.07899285837960,83.02920751727560,53.89402915836420,8.454117435714330
-0.48641316059238000,-0.8156126142421410,-1.030646686261410,124,87,96.81,83.07899285837960,83.02920751727560,53.89402915836420,8.454117435714330
-0.6491575067362300,2.360950943455020,-1.0123649394862800,124,87,96.80,83.07899285837960,83.02920751727560,53.89402915836420,8.454117435714330
-0.8232310939999820,-2.3712178400813100,-0.9921318134061510,124,87,96.79,81.22631178370510,83.02920751727560,60.33776047006670,8.454117435714330
-0.9718975732822940,-0.24900584918792500,-0.9610823318260250,124,87,96.79,81.22631178370510,83.02920751727560,60.33776047006670,8.454117435714330
-1.1607356113414200,0.06303582501219510,-0.9381732395829180,124,87,96.79,81.22631178370510,83.02920751727560,60.33776047006670,8.454117435714330
-1.3512591835702500,0.306885069944578,-0.9119765233392990,124,87,96.79,81.22631178370510,83.02920751727560,60.33776047006670,8.454117435714330
-1.5957696656320500,0.8087701665453650,-0.8861766068371250,124,87,96.79,81.22631178370510,83.02920751727560,60.33776047006670,8.454117435714330
-1.7458144805012300,1.4719551171872100,-0.8580687765331380,124,87,96.79,81.22631178370510,83.02920751727560,60.33776047006670,8.454117435714330
-1.1321488278095300,1.926918707561790,-0.8292773203553360,124,87,96.78,81.22631178370510,83.02920751727560,60.33776047006670,8.454117435714330
0.11684512327991200,1.5348211900732000,-0.796345056802827,124,87,96.78,81.22631178370510,83.02920751727560,60.33776047006670,8.454117435714330
0.9767023500342290,0.35122503488102600,-0.7593332664222720,124,87,96.78,81.22631178370510,83.02920751727560,60.33776047006670,8.454117435714330
1.2375081777540300,-0.1452504816545790,-0.7265240214114830,124,87,96.79,81.22631178370510,81.09363765281300,60.33776047006670,8.454117435714330
1.2667659386168000,-0.3229188414136190,-0.6826115445273860,124,87,96.79,81.22631178370510,81.09363765281300,60.33776047006670,8.454117435714330
1.195449798432560,-0.2220012205371800,-0.6384526575927060,124,87,96.79,81.22631178370510,81.09363765281300,60.33776047006670,8.454117435714330
0.911142459519294,-0.2658563367977860,-0.5963706771205700,124,87,96.78,81.22631178370510,81.09363765281300,60.33776047006670,8.454117435714330
0.6923298746643580,-0.20815965756102200,-0.5496175546619660,124,87,96.78,81.22631178370510,81.09363765281300,60.33776047006670,8.454117435714330
0.6996691397738530,-0.3825174823855780,-0.49631946341886800,124,87,96.78,81.22631178370510,81.09363765281300,60.33776047006670,8.454117435714330
0.7991098322728390,-0.3046870311332820,-0.43107995409027100,124,87,96.78,81.22631178370510,81.09363765281300,60.33776047006670,8.454117435714330
0.7866841848948600,-0.37518835563110200,-0.37028840586613600,124,87,96.79,81.22631178370510,81.09363765281300,60.33776047006670,8.454117435714330
0.6161345136670790,-0.4109193016720410,-0.3032230893445930,124,87,96.79,81.22631178370510,81.09363765281300,60.33776047006670,8.454117435714330
0.3945791850506280,-0.4398480621841500,-0.23603385157009200,124,87,96.78,81.22631178370510,81.09363765281300,60.33776047006670,8.454117435714330
0.1915631960435870,-0.25868498974113900,-0.17693255754901600,124,87,96.76,81.22631178370510,81.09363765281300,60.33776047006670,8.454117435714330
0.007136800623655230,0.030327370391715700,-0.10831200678469100,124,87,96.76,81.22631178370510,81.09363765281300,60.33776047006670,8.454117435714330
-0.1482044918733250,-0.48104574292339000,-0.04191619620542740,124,87,96.75,81.22631178370510,81.09363765281300,60.33776047006670,8.454117435714330
-0.30005270624084900,-0.5833715054752820,0.02799258115709600,124,87,96.75,81.22631178370510,81.09363765281300,60.33776047006670,8.454117435714330
-0.4661392281843190,1.7952566697419400,0.10127398921568500,124,87,96.75,81.22631178370510,81.09363765281300,60.33776047006670,8.454117435714330
-0.6393432959442720,-3.8986317089248200,0.17559951745604700,124,87,96.74,79.71868207148250,81.09363765281300,63.68470093432710,8.454117435714330
-0.7870029675473500,-0.11912767051320500,0.2558724474294790,124,87,96.74,79.71868207148250,81.09363765281300,63.68470093432710,8.454117435714330
-0.9535546245043060,0.13487053425008300,0.340297064863126,124,87,96.74,79.71868207148250,81.09363765281300,63.68470093432710,8.454117435714330
-1.1251518941337200,0.3671197219388700,0.42088882246003200,124,87,96.73,79.71868207148250,81.09363765281300,63.68470093432710,8.454117435714330
-1.3500889703438000,0.7890359641511330,0.49760439646116600,124,87,96.73,79.71868207148250,81.09363765281300,63.68470093432710,8.454117435714330
-1.5533293469065500,1.3714593823858000,0.5794232750295480,124,87,96.73,79.71868207148250,81.09363765281300,63.68470093432710,8.454117435714330
-1.395880273859770,1.948412506657300,0.6661067839978610,124,87,96.72,79.71868207148250,81.09363765281300,63.68470093432710,8.454117435714330
-0.3106429401680980,1.7837038999209000,0.7543255889321790,124,87,96.71,79.71868207148250,81.09363765281300,63.68470093432710,8.454117435714330
0.7564787491320720,0.5658266549662030,0.8476782616684060,124,87,96.71,79.71868207148250,81.09363765281300,63.68470093432710,8.454117435714330
1.2143210839666000,-0.18989923546110100,0.9362176588618790,124,87,96.72,79.71868207148250,80.6039973377614,63.68470093432710,8.454117435714330
1.243765355424480,-0.2999384945889860,1.0299686704702100,124,87,96.72,79.71868207148250,79.44113479436500,63.68470093432710,8.454117435714330
1.1342611457320300,-0.2311230526084560,1.118534249467820,124,87,96.72,79.71868207148250,79.44113479436500,63.68470093432710,8.454117435714330
0.8727509504948,-0.20126732112636900,1.2111349105551100,124,87,96.72,79.71868207148250,79.44113479436500,63.68470093432710,8.454117435714330
0.593632319244303,-0.3401652306358910,1.304503173664530,124,87,96.73,79.71868207148250,79.44113479436500,63.68470093432710,8.454117435714330
0.523453141842517,-0.4633304209285400,1.3964068614073100,124,87,96.75,79.71868207148250,79.44113479436500,63.68470093432710,8.454117435714330
0.6306730877018770,-0.6146292226177750,1.4976114850051000,124,87,96.77,79.71868207148250,79.44113479436500,63.68470093432710,8.454117435714330
0.6906044720419480,-0.5643154331397990,1.5934161746170100,124,87,96.76,79.71868207148250,79.44113479436500,63.68470093432710,8.454117435714330
0.5902165469801260,-0.617814951489947,1.685560465225140,124,87,96.75,79.71868207148250,79.44113479436500,63.68470093432710,8.454117435714330
0.37707247662052500,-0.610223739354796,1.7713504694645400,124,87,96.74,79.71868207148250,79.44113479436500,63.68470093432710,8.314043542851530
0.09521136118033430,-0.2692504616671650,1.8472510216293700,124,87,96.74,79.71868207148250,79.44113479436500,63.68470093432710,8.314043542851530
-0.1146927425000770,-0.2769490132203300,1.9097897094815000,124,87,96.74,79.71868207148250,79.44113479436500,63.68470093432710,8.314043542851530
-0.3035962876768180,-0.6891392525796470,1.9719454328005000,124,87,96.73,79.71868207148250,79.44113479436500,63.68470093432710,8.314043542851530
-0.4862880316316920,-0.5795640264838600,2.0315750972490800,124,87,96.73,79.71868207148250,79.44113479436500,63.68470093432710,8.314043542851530
-0.6476051797443930,0.41683147668903400,2.0865508975954700,124,87,96.72,78.3786560690136,79.44113479436500,65.44959743936100,8.314043542851530
-0.7962546523357500,-1.0963478033340900,2.1319089228486200,124,87,96.72,78.3786560690136,79.44113479436500,65.44959743936100,8.314043542851530
-0.9743679623173490,-0.1270789274267690,2.176874950203320,124,87,96.72,78.3786560690136,79.44113479436500,65.44959743936100,8.314043542851530
-1.1469298692466700,0.1046163101353780,2.211002091659060,124,87,96.72,78.3786560690136,79.44113479436500,65.44959743936100,8.314043542851530
-1.3843776951828000,0.42471388261320400,2.2378447373170300,124,87,96.71,78.3786560690136,79.44113479436500,65.44959743936100,8.314043542851530
-1.5910416303882800,0.7919280512817860,2.263102854629060,124,87,96.71,78.3786560690136,79.44113479436500,65.44959743936100,8.314043542851530
-1.6817633862885100,1.4779953738289000,2.283333421431450,124,87,96.71,78.3786560690136,79.44113479436500,65.44959743936100,8.314043542851530
-0.8493397930474390,1.7602114850030100,2.296818163825890,124,87,96.69,78.3786560690136,79.44113479436500,65.44959743936100,8.314043542851530
0.41634993569502,1.025154381798930,2.3086539389556300,124,87,96.70,78.3786560690136,79.44113479436500,65.44959743936100,8.314043542851530
1.1626144004274100,0.10131309334715000,2.319126975684900,124,87,96.70,78.3786560690136,79.44113479436500,65.44959743936100,8.314043542851530
1.3428088374829000,-0.2208848760120060,2.3170057551299100,124,87,96.70,78.3786560690136,78.25325674136510,65.44959743936100,8.314043542851530
1.2854603725452000,-0.34682735258914400,2.3152528447919800,124,87,96.70,78.3786560690136,78.25325674136510,65.44959743936100,8.314043542851530
1.1872685171216900,-0.29023025107510900,2.31092642251225,124,87,96.70,78.3786560690136,78.25325674136510,65.44959743936100,8.314043542851530
0.8701574272144370,-0.20764890288399900,2.3078139008501500,124,87,96.72,78.3786560690136,78.25325674136510,65.44959743936100,8.314043542851530
0.6487683723669330,-0.3211308825337110,2.3045221927604300,124,87,96.76,78.3786560690136,78.25325674136510,65.44959743936100,8.314043542851530
0.6357917526628880,-0.38761543532783400,2.3110262162647400,124,87,96.78,78.3786560690136,78.25325674136510,65.44959743936100,8.314043542851530
0.6963642629282430,-0.5248138549576140,2.312328749737420,124,87,96.77,78.3786560690136,78.25325674136510,65.44959743936100,8.314043542851530
0.6796443348966170,-0.5464302909186490,2.3118350536416000,124,87,96.76,78.3786560690136,78.25325674136510,65.44959743936100,8.314043542851530
0.4855053306575280,-0.5013194325894660,2.3109542323671800,124,87,96.76,78.3786560690136,78.25325674136510,65.44959743936100,8.314043542851530
0.21797133972257100,-0.2050174375147030,2.308623529176580,124,87,96.75,78.3786560690136,78.25325674136510,65.44959743936100,8.314043542851530
-0.08247210187599870,-0.23045580086322800,2.2936455778289000,124,87,96.75,78.3786560690136,78.25325674136510,65.44959743936100,8.314043542851530
-0.311673513273701,-0.633397584473056,2.2781342744869900,124,87,96.74,78.3786560690136,78.25325674136510,65.44959743936100,8.314043542851530
-0.5277483223137700,-0.6223467581308750,2.2622414119240200,124,87,96.74,78.3786560690136,78.25325674136510,65.44959743936100,8.314043542851530
-0.7135437138879240,1.8159536573170200,2.2429202350398100,124,87,96.73,78.3786560690136,78.25325674136510,65.44959743936100,8.314043542851530
-0.8891625327009520,-1.51440038981942,2.2208575911800300,124,87,96.73,77.20222054518260,78.25325674136510,66.59856525265340,8.314043542851530
-1.023489332877980,-0.18638308581705300,2.208655408963540,124,87,96.73,77.20222054518260,78.25325674136510,66.59856525265340,8.314043542851530
-1.2292529427813600,0.03613393713033230,2.180389433203030,124,87,96.73,77.20222054518260,78.25325674136510,66.59856525265340,8.314043542851530
-1.5273960794560600,0.33170037655686600,2.1328274457799100,124,87,96.73,77.20222054518260,78.25325674136510,66.59856525265340,8.314043542851530
-1.7713373486616600,0.7900412647718660,2.0964872949516400,124,87,96.73,77.20222054518260,78.25325674136510,66.59856525265340,8.314043542851530
-1.8384847758895700,1.4352414474874400,2.0554925873420700,124,87,96.73,77.20222054518260,78.25325674136510,66.59856525265340,8.314043542851530
-0.84846573387707,1.7928707801056000,2.00885957852205,124,87,96.72,77.20222054518260,78.25325674136510,66.59856525265340,8.314043542851530
0.4841110281039440,1.15579019636321,1.958995172907500,124,87,96.71,77.20222054518260,78.25325674136510,66.59856525265340,8.314043542851530
1.2490212157315200,0.06747657360695000,1.9034497344575300,124,87,96.71,77.20222054518260,78.25325674136510,66.59856525265340,8.314043542851530
1.4567579969292400,-0.3353371344960800,1.8373955459312500,124,87,96.72,77.20222054518260,77.1638393201904,66.59856525265340,8.314043542851530
1.4405751322277700,-0.2832570062623360,1.771521850810670,124,87,96.72,77.20222054518260,77.1638393201904,66.59856525265340,8.314043542851530
1.4254750591727000,-0.3040972375719630,1.7028305968203600,124,87,96.72,77.20222054518260,77.1638393201904,66.59856525265340,8.314043542851530
1.1736974036594600,-0.20798721278344900,1.6295751285677300,124,87,96.72,77.20222054518260,77.1638393201904,66.59856525265340,8.314043542851530
0.8401716157903520,-0.24605390601561200,1.5550614571870300,124,87,96.74,77.20222054518260,77.1638393201904,66.59856525265340,8.314043542851530
0.7425316076044410,-0.2705331673143940,1.4889411875544100,124,87,96.78,77.20222054518260,77.1638393201904,66.59856525265340,8.314043542851530
0.7751273510491700,-0.3454025676691700,1.4176740111277300,124,87,96.80,77.20222054518260,77.1638393201904,66.59856525265340,8.314043542851530
0.7552731784313640,-0.3883513969083400,1.3479739376169500,124,87,96.80,77.20222054518260,77.1638393201904,66.59856525265340,8.314043542851530
0.560228673998516,-0.4030556235398720,1.2746636091992300,124,87,96.79,77.20222054518260,77.1638393201904,66.59856525265340,8.314043542851530
0.25673395786146200,-0.2420572095166880,1.1990125694812000,124,87,96.78,77.20222054518260,77.1638393201904,66.59856525265340,8.314043542851530
-0.03337432730514990,-0.05800725071072860,1.1187450387367800,124,87,96.77,77.20222054518260,77.1638393201904,66.59856525265340,8.314043542851530
-0.29289380508837900,-0.48964998563999300,1.0410192650387100,124,87,96.78,77.20222054518260,77.1638393201904,66.59856525265340,8.314043542851530
-0.5241295673223920,-0.5601621233397260,0.96484824456602,124,87,96.77,77.20222054518260,77.1638393201904,66.59856525265340,8.314043542851530
-0.7315640935300650,2.265586205632120,0.8897652192775720,124,87,96.77,77.20222054518260,77.1638393201904,66.59856525265340,8.314043542851530
-0.9480130472088920,-3.762853064092910,0.8219496881284510,124,87,96.77,76.27631735462500,77.1638393201904,67.1481201292942,8.314043542851530
-1.1350742717279100,-0.14859290437459200,0.7520551249770200,124,87,96.77,76.27631735462500,77.1638393201904,67.1481201292942,8.314043542851530
-1.3413356537538600,0.13507228762263300,0.6819473337871830,124,87,96.76,76.27631735462500,77.1638393201904,67.1481201292942,8.314043542851530
-1.5832964761962500,0.31296929540205500,0.6254112192644860,124,87,96.76,76.27631735462500,77.1638393201904,67.1481201292942,8.314043542851530
-1.828412507092720,0.6269564958996630,0.5669022204481700,124,87,96.76,76.27631735462500,77.1638393201904,67.1481201292942,8.314043542851530
-1.9830815353809300,1.1113989689080700,0.5089557590016000,124,87,96.76,76.27631735462500,77.1638393201904,67.1481201292942,8.314043542851530
-1.1447296141557700,1.6425007504894300,0.4515750851754900,124,87,96.75,76.27631735462500,77.1638393201904,67.1481201292942,8.314043542851530
0.2915436976360750,1.3880127813668100,0.3961610552538760,124,87,96.73,76.27631735462500,77.1638393201904,67.1481201292942,8.314043542851530
1.2206778148388200,0.34805939485926200,0.3429417001382550,124,87,96.72,76.27631735462500,77.1638393201904,67.1481201292942,8.314043542851530
1.5507858839319900,-0.14526186386671000,0.288539421238318,124,87,96.71,76.27631735462500,76.45371107482680,67.1481201292942,8.314043542851530
1.6112965752367500,-0.29131765816037500,0.24084006056378500,124,87,96.71,76.27631735462500,76.45371107482680,67.1481201292942,8.314043542851530
1.674731483415590,-0.299886892968882,0.19358836276834400,124,87,96.72,76.27631735462500,76.45371107482680,67.1481201292942,8.314043542851530
1.531189799058630,-0.23983240254838900,0.14813443303126700,124,87,96.72,76.27631735462500,76.45371107482680,67.1481201292942,8.314043542851530
1.1451833436176600,-0.13074996175697600,0.10736688169458300,124,87,96.71,76.27631735462500,76.45371107482680,67.1481201292942,8.314043542851530
0.8869446801475630,-0.17035531145014400,0.06828680505499310,124,87,96.72,76.27631735462500,76.45371107482680,67.1481201292942,8.314043542851530
0.8489682045684930,-0.24113067551415900,0.03532064418038990,124,87,96.75,76.27631735462500,76.45371107482680,67.1481201292942,8.314043542851530
0.8335984331783560,-0.3055609924503350,-0.0025379735057815900,124,87,96.78,76.27631735462500,76.45371107482680,67.1481201292942,8.314043542851530
0.6922733837808120,-0.3872619757959970,-0.03703647618518370,124,87,96.78,76.27631735462500,76.45371107482680,67.1481201292942,8.314043542851530
0.38439253843301400,-0.37345137917745200,-0.07048335832605710,124,87,96.78,76.27631735462500,76.45371107482680,67.1481201292942,8.314043542851530
0.07761982962181750,-0.27508472705737000,-0.10403655575997100,124,87,96.77,76.27631735462500,76.45371107482680,67.1481201292942,8.314043542851530
-0.20293468553690100,-0.01813681809759690,-0.13769041908163200,124,87,96.77,76.27631735462500,76.45371107482680,67.1481201292942,8.314043542851530
-0.47184630384172200,-0.5357778335938480,-0.18160449626781800,124,87,96.77,76.27631735462500,76.45371107482680,67.1481201292942,8.314043542851530
-0.7133384809977010,-0.6495474220099750,-0.21961412711122700,124,87,96.77,76.27631735462500,76.45371107482680,67.1481201292942,8.314043542851530
-0.9293293822600170,1.5313298743075300,-0.2526736845331450,124,87,96.77,76.27631735462500,76.45371107482680,67.1481201292942,8.314043542851530
-1.1754290876013800,-4.2534514016997600,-0.28029735977288500,124,87,96.77,75.56804997189990,76.45371107482680,67.17967109905020,8.314043542851530
-1.39433097095275,-0.18840156480271700,-0.3138124028872060,124,87,96.77,75.56804997189990,76.45371107482680,67.17967109905020,8.314043542851530
-1.6150451613166400,0.1290408004363700,-0.34432172855565500,124,87,96.77,75.56804997189990,76.45371107482680,67.17967109905020,8.314043542851530
-1.8529006882744600,0.40609664731536700,-0.37123414158018600,124,87,96.77,75.56804997189990,76.45371107482680,67.17967109905020,8.314043542851530
-2.1391782107241800,0.6689606497817470,-0.39688061305958900,124,87,96.77,75.56804997189990,76.45371107482680,67.17967109905020,8.314043542851530
-2.251896710199180,1.21896217909904,-0.4191170176082120,124,87,96.77,75.56804997189990,76.45371107482680,67.17967109905020,8.314043542851530
-1.3127858061163700,1.7346314474662700,-0.43900905226260600,124,87,96.76,75.56804997189990,76.45371107482680,67.17967109905020,8.314043542851530
0.2163256007304170,1.7220234671574200,-0.457515202390759,124,87,96.73,75.56804997189990,76.45371107482680,67.17967109905020,8.314043542851530
1.181419924628110,0.6362133587652870,-0.4774616163230170,124,87,96.71,75.56804997189990,76.45371107482680,67.17967109905020,8.314043542851530
1.5519359987660500,0.060228834935348700,-0.49708232222783900,124,87,96.70,75.56804997189990,75.6839365009785,67.17967109905020,8.314043542851530
1.7186800417833100,-0.056174256161965700,-0.5105796166052750,124,87,96.70,75.56804997189990,75.6839365009785,67.17967109905020,8.314043542851530
1.8362048004280900,-0.1806865055950580,-0.525871940111021,124,87,96.70,75.56804997189990,75.6839365009785,67.17967109905020,8.314043542851530
1.7293375768984700,-0.2182349954640150,-0.540889580897237,124,87,96.70,75.56804997189990,75.6839365009785,67.17967109905020,8.314043542851530
1.3458376373607400,-0.1691337587463460,-0.5520414503448030,124,87,96.70,75.56804997189990,75.6839365009785,67.17967109905020,8.314043542851530
1.0462414487001100,-0.0990097182569966,-0.56186282848008,124,87,96.70,75.56804997189990,75.6839365009785,67.17967109905020,8.314043542851530
0.9724797290000680,-0.20733538609856900,-0.567716418697434,124,87,96.72,75.56804997189990,75.6839365009785,67.17967109905020,8.314043542851530
0.9410586328958780,-0.15315643936114300,-0.5749097173841810,124,87,96.73,75.56804997189990,75.6839365009785,67.17967109905020,8.314043542851530
0.7934799291446070,-0.2933448364450010,-0.5797646444103750,124,87,96.75,75.56804997189990,75.6839365009785,67.17967109905020,8.314043542851530
0.5409767369452300,-0.3002330118071400,-0.5891893583845000,124,87,96.74,75.56804997189990,75.6839365009785,67.17967109905020,8.314043542851530
0.21662328985909700,-0.2565347269283530,-0.5913724909639750,124,87,96.74,75.56804997189990,75.6839365009785,67.17967109905020,8.314043542851530
-0.06656519854637570,-0.004272575080538960,-0.6006755411373130,124,87,96.74,75.56804997189990,75.6839365009785,67.17967109905020,8.314043542851530
-0.3078093051176290,-0.18918286026688800,-0.6063404269683050,124,87,96.74,75.56804997189990,75.6839365009785,67.17967109905020,8.314043542851530
-0.5460678221984870,-0.5208132535517820,-0.6184911642362610,124,87,96.74,75.56804997189990,75.6839365009785,67.17967109905020,8.314043542851530
-0.7732659595212540,0.2999174796400270,-0.6365844305211210,124,87,96.74,75.56804997189990,75.6839365009785,67.17967109905020,8.314043542851530
-0.9769496199954740,-4.139311616024510,-0.6575604703785690,124,87,96.74,75.11164742680210,75.6839365009785,66.99643311886600,8.314043542851530
-1.1747848069221400,-0.19627921899990200,-0.6785915231234610,124,87,96.73,75.11164742680210,75.6839365009785,66.99643311886600,8.314043542851530
-1.3696879428346900,0.19551646809498000,-0.6971756837525790,124,87,96.73,75.11164742680210,75.6839365009785,66.99643311886600,8.314043542851530
-1.613328852847510,0.4191300165763390,-0.7178715108984690,124,87,96.73,75.11164742680210,75.6839365009785,66.99643311886600,8.314043542851530
-1.8834522843085700,0.716123520611643,-0.7390516295263770,124,87,96.73,75.11164742680210,75.6839365009785,66.99643311886600,8.314043542851530
-2.050718324742220,0.9025174198421610,-0.7505985974825710,124,87,96.73,75.11164742680210,75.6839365009785,66.99643311886600,8.314043542851530
-1.6892815649925600,1.7766364322937900,-0.7769621518080670,124,87,96.72,75.11164742680210,75.6839365009785,66.99643311886600,8.314043542851530
-0.2659007937634360,1.838350023013800,-0.7977851397313440,124,87,96.71,75.11164742680210,75.6839365009785,66.99643311886600,8.314043542851530
0.9171195868799560,0.8554335139833860,-0.8183940547513480,124,87,96.67,75.11164742680210,75.6839365009785,66.99643311886600,8.314043542851530
1.418148286754000,0.033895579776732000,-0.8387705202533970,124,87,96.66,75.11164742680210,75.6214635729936,66.99643311886600,8.314043542851530
1.5566524904373000,-0.24721092909622000,-0.8613637452095480,124,87,96.66,75.11164742680210,75.26147110744620,66.99643311886600,8.314043542851530
1.6265025686888500,-0.2929255083577750,-0.8811350625968940,124,87,96.66,75.11164742680210,75.26147110744620,66.99643311886600,8.314043542851530
1.5499990275955500,-0.29389997747328900,-0.9017547525328160,124,87,96.67,75.11164742680210,75.26147110744620,66.99643311886600,8.314043542851530
1.177595063211320,-0.2576548592509120,-0.9201362842955160,124,87,96.66,75.11164742680210,75.26147110744620,66.99643311886600,8.314043542851530
0.9171341142188150,-0.3054015221703060,-0.9363322310804980,124,87,96.66,75.11164742680210,75.26147110744620,66.99643311886600,8.314043542851530
0.8555380047053770,-0.28913304915609000,-0.9517237905233830,124,87,96.67,75.11164742680210,75.26147110744620,66.99643311886600,8.314043542851530
0.878527127191647,-0.43919871081740000,-0.9617715508695460,124,87,96.68,75.11164742680210,75.26147110744620,66.99643311886600,8.314043542851530
0.763408024185627,-0.40577985972390100,-0.9732598517946640,124,87,96.70,75.11164742680210,75.26147110744620,66.99643311886600,8.314043542851530
0.5479445577023340,-0.45579052818086900,-0.9763673660005860,124,87,96.70,75.11164742680210,75.26147110744620,66.99643311886600,8.314043542851530
0.27030196894578200,-0.4444090865930510,-0.9851780389487960,124,87,96.70,75.11164742680210,75.26147110744620,66.99643311886600,8.314043542851530
0.005939794925588320,-0.17700006064572800,-0.9961945973690530,124,87,96.70,75.11164742680210,75.26147110744620,66.99643311886600,8.314043542851530
-0.23049863140165500,-0.00414952882522661,-1.0074776097390200,124,87,96.70,75.11164742680210,75.26147110744620,66.99643311886600,8.314043542851530
-0.44994813891319000,-0.5748201424281560,-1.0234768657458300,124,87,96.70,75.11164742680210,75.26147110744620,66.99643311886600,8.314043542851530
-0.6480641099453000,-0.6304493502265160,-1.0404760200221800,124,87,96.70,75.11164742680210,75.26147110744620,66.99643311886600,8.314043542851530
-0.825544634988522,1.0038463115814600,-1.0569914123063400,124,87,96.70,75.11164742680210,75.26147110744620,66.99643311886600,8.314043542851530
-1.0180545040978100,-1.5828257914498300,-1.074364593078400,124,87,96.70,74.99914901278070,75.26147110744620,66.02928559850880,8.314043542851530
-1.2035314784787200,-0.10406304044080800,-1.0910300009792400,124,87,96.70,74.99914901278070,75.26147110744620,66.02928559850880,8.314043542851530
-1.3883831539010200,0.08787912007177380,-1.1085095052470300,124,87,96.70,74.99914901278070,75.26147110744620,66.02928559850880,8.314043542851530
-1.6147274486873000,0.38864974244851,-1.1268277055151000,124,87,96.70,74.99914901278070,75.26147110744620,66.02928559850880,8.314043542851530
-1.8534210500683200,0.8178353354627490,-1.146235926793580,124,87,96.69,74.99914901278070,75.26147110744620,66.02928559850880,8.314043542851530
-1.9163518158877700,1.472562021845420,-1.1645538348458800,124,87,96.69,74.99914901278070,75.26147110744620,66.02928559850880,8.314043542851530
-0.9334124356481440,1.865574563436020,-1.1808384765117100,124,87,96.68,74.99914901278070,75.26147110744620,66.02928559850880,8.314043542851530
0.45747143276150300,1.3361181094670900,-1.200256313400900,124,87,96.67,74.99914901278070,75.26147110744620,66.02928559850880,8.314043542851530
1.2688581253281600,0.16524296193228700,-1.2170393442951100,124,87,96.65,74.99914901278070,75.26147110744620,66.02928559850880,8.314043542851530
1.5169361269522600,-0.2353287786522170,-1.2381513364305600,124,87,96.65,74.99914901278070,75.00083910938810,66.02928559850880,8.314043542851530
1.5182350771608600,-0.25690588521624000,-1.2547018984180800,124,87,96.66,74.99914901278070,75.00083910938810,66.02928559850880,8.314043542851530
1.4155979606046800,-0.2658236251254150,-1.2706971284514700,124,87,96.66,74.99914901278070,75.00083910938810,66.02928559850880,8.314043542851530
1.1029327745212800,-0.2659768975149770,-1.2853056880986800,124,87,96.66,74.99914901278070,75.00083910938810,66.02928559850880,8.314043542851530
0.823041526829428,-0.2965042825351990,-1.2988013743536800,124,87,96.66,74.99914901278070,75.00083910938810,66.02928559850880,8.314043542851530
0.7760046566101950,-0.35338243914564100,-1.3132960387224500,124,87,96.66,74.99914901278070,75.00083910938810,66.02928559850880,8.314043542851530
0.8481035774544440,-0.3639743934349910,-1.3171277883835400,124,87,96.67,74.99914901278070,75.00083910938810,66.02928559850880,8.314043542851530
0.8298798327300530,-0.4664882497062910,-1.3257353429556200,124,87,96.68,74.99914901278070,75.00083910938810,66.02928559850880,8.314043542851530
0.6681440376067990,-0.47137963563427800,-1.3311098431351200,124,87,96.68,74.99914901278070,75.00083910938810,66.02928559850880,8.314043542851530
0.4282693883992410,-0.43515296908261900,-1.3378133848849100,124,87,96.68,74.99914901278070,75.00083910938810,66.02928559850880,8.314043542851530
0.18352837395659400,-0.3759894573695180,-1.346252656252480,124,87,96.68,74.99914901278070,75.00083910938810,66.02928559850880,8.314043542851530
-0.0688523176381555,0.04931413517508110,-1.3543514467572100,124,87,96.68,74.99914901278070,75.00083910938810,66.02928559850880,8.314043542851530
-0.2646753052883530,-0.5193633290685050,-1.365123530744510,124,87,96.69,74.99914901278070,75.00083910938810,66.02928559850880,8.314043542851530
-0.44463472620371000,-0.642589570370599,-1.3797661896053500,124,87,96.69,74.99914901278070,75.00083910938810,66.02928559850880,8.314043542851530
-0.6100469869449820,2.157496503897260,-1.3963529407491500,124,87,96.69,74.99914901278070,75.00083910938810,66.02928559850880,8.314043542851530
-0.79276163718248,-4.662918719326860,-1.411474369536190,124,87,96.69,74.96184516106130,75.00083910938810,64.01286968063770,8.314043542851530
-0.9668836383140260,-0.2756879424887060,-1.4229026893190300,124,87,96.69,74.96184516106130,75.00083910938810,64.01286968063770,8.314043542851530
-1.1633581618095400,0.12299905320037900,-1.4331122947127400,124,87,96.69,74.96184516106130,75.00083910938810,64.01286968063770,8.314043542851530
-1.3396470444086200,0.38907313558145900,-1.4427302991035900,124,87,96.69,74.96184516106130,75.00083910938810,64.01286968063770,8.314043542851530
-1.5761450708763000,0.8142121591169360,-1.450828591306330,124,87,96.68,74.96184516106130,75.00083910938810,64.01286968063770,8.314043542851530
-1.7997537172490200,1.3621612080381200,-1.4565426504291900,124,87,96.68,74.96184516106130,75.00083910938810,64.01286968063770,8.314043542851530
-1.4201845585670500,1.9053652683621300,-1.4628145375159800,124,87,96.68,74.96184516106130,75.00083910938810,64.01286968063770,8.314043542851530
-0.06630338406435400,1.690552543284190,-1.4619511948652600,124,87,96.67,74.96184516106130,75.00083910938810,64.01286968063770,8.314043542851530
0.6688533009824670,1.0152898486777900,-1.45935887587799,124,87,96.66,74.96184516106130,75.00083910938810,64.01286968063770,8.314043542851530
1.501073834568760,-0.13172073017624300,-1.4548285892000400,124,87,96.65,74.96184516106130,75.0390444844638,64.01286968063770,8.314043542851530
1.5237125820989000,-0.21707250190183000,-1.4422268685936300,124,87,96.65,74.96184516106130,75.0390444844638,64.01286968063770,8.314043542851530
1.3905213679319900,-0.1339836342563140,-1.4308421198467000,124,87,96.66,74.96184516106130,75.0390444844638,64.01286968063770,8.314043542851530
1.0924479857760100,-0.15316298401151500,-1.417977196090260,124,87,96.66,74.96184516106130,75.0390444844638,64.01286968063770,8.314043542851530
0.7825141379643370,-0.1542442768968610,-1.400844678929440,124,87,96.66,74.96184516106130,75.0390444844638,64.01286968063770,8.314043542851530
0.718861427228491,-0.29383674080159700,-1.3846189374361400,124,87,96.66,74.96184516106130,75.0390444844638,64.01286968063770,8.314043542851530
0.8028425149968360,-0.3969863915335440,-1.3564185265332400,124,87,96.67,74.96184516106130,75.0390444844638,64.01286968063770,8.314043542851530
0.8260698629389220,-0.44027131101988300,-1.3269603682649800,124,87,96.68,74.96184516106130,75.0390444844638,64.01286968063770,8.314043542851530
0.6952907069755260,-0.4594962023414490,-1.2928493441770400,124,87,96.68,74.96184516106130,75.0390444844638,64.01286968063770,8.314043542851530
0.47092622453282800,-0.5416168476556520,-1.2581808585785500,124,87,96.68,74.96184516106130,75.0390444844638,64.01286968063770,8.314043542851530
0.22684093330155600,-0.33639282694052000,-1.227938183773230,124,87,96.68,74.96184516106130,75.0390444844638,64.01286968063770,8.314043542851530
-0.019818586845118600,-0.08952156590980110,-1.1969143181955300,124,87,96.68,74.96184516106130,75.0390444844638,64.01286968063770,8.314043542851530
-0.22001188605760300,-0.6678795692288550,-1.173671664247260,124,87,96.68,74.96184516106130,75.0390444844638,64.01286968063770,8.314043542851530
-0.4259570575354950,-0.7085589263682900,-1.1514029114652500,124,87,96.68,74.96184516106130,75.0390444844638,64.01286968063770,8.314043542851530
-0.6124345726007570,2.1294997942666100,-1.122241895230520,124,87,96.68,74.96184516106130,75.0390444844638,64.01286968063770,8.314043542851530
-0.7515030258289490,-2.6055413815018300,-1.096653375245080,124,87,96.68,75.14794913114080,75.0390444844638,59.46873424408980,8.314043542851530
-0.9190015286011700,-0.20231472255047800,-1.072155204667400,124,87,96.68,75.14794913114080,75.0390444844638,59.46873424408980,8.314043542851530
-1.088374974829510,0.15339080097339300,-1.0491756060077300,124,87,96.68,75.14794913114080,75.0390444844638,59.46873424408980,8.314043542851530
-1.3090009185375100,0.3353509090754300,-1.0245100381709300,124,87,96.68,75.14794913114080,75.0390444844638,59.46873424408980,8.314043542851530
-1.5515594304269500,0.7550402445310750,-1.0025064667509500,124,87,96.68,75.14794913114080,75.0390444844638,59.46873424408980,8.314043542851530
-1.7594678914538600,1.3720945793841600,-0.9772924877447680,124,87,96.67,75.14794913114080,75.0390444844638,59.46873424408980,8.314043542851530
-1.3317393401479500,1.8201584095579100,-0.951936787327191,124,87,96.67,75.14794913114080,75.0390444844638,59.46873424408980,8.314043542851530
-0.24461943079217600,1.4427144888785100,-0.932780959783981,124,87,96.66,75.14794913114080,75.0390444844638,59.46873424408980,8.314043542851530
1.1201607719821100,0.1165832785226910,-0.8959222202048360,124,87,96.64,75.14794913114080,75.0390444844638,59.46873424408980,8.314043542851530
1.4746499697515700,-0.3267418657018920,-0.8695195916034160,124,87,96.62,75.14794913114080,75.11423767615590,59.46873424408980,8.314043542851530
1.4227840418876100,-0.41664199919272700,-0.834651532021908,124,87,96.62,75.14794913114080,75.11423767615590,59.46873424408980,8.314043542851530
1.2084464844883500,-0.41889080785506100,-0.8016652525579920,124,87,96.62,75.14794913114080,75.11423767615590,59.46873424408980,8.314043542851530
0.8091202118522210,-0.33326206502822200,-0.7640570521694110,124,87,96.63,75.14794913114080,75.11423767615590,59.46873424408980,8.314043542851530
0.5284225169218860,-0.38099966748669700,-0.7274242024190870,124,87,96.63,75.14794913114080,75.11423767615590,59.46873424408980,8.314043542851530
0.5757674675524630,-0.5076261950923770,-0.6838992203163540,124,87,96.64,75.14794913114080,75.11423767615590,59.46873424408980,8.314043542851530
0.7313464316103710,-0.5714686448296250,-0.6379741938344840,124,87,96.65,75.14794913114080,75.11423767615590,59.46873424408980,8.314043542851530
0.7652801062271390,-0.49191402179749800,-0.579173274818592,124,87,96.64,75.14794913114080,75.11423767615590,59.46873424408980,8.314043542851530
0.6270176860413510,-0.5408870131258940,-0.5277621208295720,124,87,96.64,75.14794913114080,75.11423767615590,59.46873424408980,8.314043542851530
0.38023488043413300,-0.29058100982652700,-0.47331362243932900,124,87,96.63,75.14794913114080,75.11423767615590,59.46873424408980,8.314043542851530
0.10374544829086600,0.049967967184671000,-0.4189288549615380,124,87,96.63,75.14794913114080,75.11423767615590,59.46873424408980,8.314043542851530
-0.15880731801568700,-0.5121645099384210,-0.3714744771983840,124,87,96.64,75.14794913114080,75.11423767615590,59.46873424408980,8.314043542851530
-0.35464138868445600,-0.6471763779415280,-0.3191305384373960,124,87,96.63,75.14794913114080,75.11423767615590,59.46873424408980,8.314043542851530
-0.5492582734026220,2.494618171545560,-0.2638053670745060,124,87,96.63,75.14794913114080,75.11423767615590,59.46873424408980,8.314043542851530
-0.7074082863490730,-3.2067044785199900,-0.2060906227627580,124,87,96.63,75.72202497435300,75.11423767615590,54.22873870968330,8.314043542851530
-0.8908106370130060,-0.18905757799069500,-0.14742130800974900,124,87,96.63,75.72202497435300,75.11423767615590,54.22873870968330,8.314043542851530
-1.033866776648580,0.01702267023982520,-0.08720755152793710,124,87,96.63,75.72202497435300,75.11423767615590,54.22873870968330,8.314043542851530
-1.2289346322297000,0.3008545966050950,-0.025092721118891800,124,87,96.63,75.72202497435300,75.11423767615590,54.22873870968330,8.314043542851530
-1.4806780773217800,0.7477205572680650,0.0385130901778907,124,87,96.63,75.72202497435300,75.11423767615590,54.22873870968330,8.314043542851530
-1.71793687047578,1.3146119105556600,0.10120772035545000,124,87,96.63,75.72202497435300,75.11423767615590,54.22873870968330,8.314043542851530
-1.5876027285069600,1.8844960943257900,0.16670194818350000,124,87,96.62,75.72202497435300,75.11423767615590,54.22873870968330,8.314043542851530
-0.3382076368055610,1.4272552923863400,0.23228177483694900,124,87,96.61,75.72202497435300,75.11423767615590,54.22873870968330,8.314043542851530
0.85797417101605,0.36880390037254100,0.30235644727127,124,87,96.59,75.72202497435300,75.11423767615590,54.22873870968330,8.314043542851530
1.387592705586620,-0.23182796331109600,0.3695526387072130,124,87,96.58,75.72202497435300,75.11423767615590,54.22873870968330,8.314043542851530
1.3817142393623500,-0.24062691568661300,0.43972136921341000,124,87,96.58,75.72202497435300,75.56943955979470,54.22873870968330,8.314043542851530
1.1593229070746100,-0.15642435303882400,0.5065278991527300,124,87,96.59,75.72202497435300,75.56943955979470,54.22873870968330,8.314043542851530
0.727139261499032,-0.1299122633566430,0.572411579675059,124,87,96.59,75.72202497435300,75.56943955979470,54.22873870968330,8.314043542851530
0.47065256564012300,-0.1887160278164130,0.6083291589027630,124,87,96.59,75.72202497435300,75.56943955979470,54.22873870968330,8.314043542851530
0.3317976214332050,-0.29664490485718500,0.6849976324138500,124,87,96.61,75.72202497435300,75.56943955979470,54.22873870968330,8.314043542851530
0.46785791274148900,-0.34514911168799600,0.750901770290144,124,87,96.62,75.72202497435300,75.56943955979470,54.22873870968330,8.314043542851530
0.6091942816060380,-0.399108809507061,0.8332529990236470,124,87,96.62,75.72202497435300,75.56943955979470,54.22873870968330,8.314043542851530
0.49749338154338000,-0.2911314387896700,0.8919825550274920,124,87,96.62,75.72202497435300,75.56943955979470,54.22873870968330,8.314043542851530
0.24443335266553300,0.02253583921270020,0.9449402526452720,124,87,96.61,75.72202497435300,75.56943955979470,54.22873870968330,8.314043542851530
-0.037859625570102300,-0.46334976194880900,0.9927029402133620,124,87,96.61,75.72202497435300,75.56943955979470,54.22873870968330,8.314043542851530
-0.3153272472920930,-0.5973396905764370,1.0368099835082100,124,87,96.61,75.72202497435300,75.56943955979470,54.22873870968330,8.314043542851530
-0.5344379395101540,0.8275424742320510,1.0729245180746900,124,87,96.61,75.72202497435300,75.56943955979470,54.22873870968330,8.314043542851530
-0.7603442696484660,-3.762458439881510,1.1103305626648800,124,87,96.61,76.25890284402430,75.56943955979470,48.71632309384500,8.314043542851530
-0.9092824954366980,-0.17254210371070400,1.1433075402958900,124,87,96.61,76.25890284402430,75.56943955979470,48.71632309384500,8.314043542851530
-1.0547535319544200,0.05761238212919020,1.1710899574339900,124,87,96.61,76.25890284402430,75.56943955979470,48.71632309384500,8.314043542851530
-1.2295410519307900,0.3368223322620460,1.1941186289392200,124,87,96.60,76.25890284402430,75.56943955979470,48.71632309384500,8.314043542851530
-1.447911185848360,0.6009531763971760,1.212070427103100,124,87,96.60,76.25890284402430,75.56943955979470,48.71632309384500,8.314043542851530
-1.6760329208713100,1.1494156700196300,1.2244483279292000,124,87,96.60,76.25890284402430,75.56943955979470,48.71632309384500,8.314043542851530
-1.662728430382130,1.6999104244261700,1.2373964059060700,124,87,96.59,76.25890284402430,75.56943955979470,48.71632309384500,8.314043542851530
-0.5798252362005770,1.68744683719421,1.2439295020770700,124,87,96.58,76.25890284402430,75.56943955979470,48.71632309384500,8.314043542851530
0.7453129290596400,0.6761667878955310,1.2500098149502400,124,87,96.56,76.25890284402430,75.56943955979470,48.71632309384500,8.314043542851530
1.5016131001351100,-0.069661977267648,1.2532062005591400,124,87,96.54,76.25890284402430,75.56943955979470,48.71632309384500,8.314043542851530
1.610588168079260,-0.25253220680222800,1.256570563956100,124,87,96.53,76.25890284402430,76.26560858412180,48.71632309384500,8.314043542851530
1.473385226445980,-0.23469970075206400,1.2582880917641900,124,87,96.54,76.25890284402430,76.26560858412180,48.71632309384500,8.314043542851530
1.2246422267505000,-0.22408992963185100,1.2559754202582900,124,87,96.54,76.25890284402430,76.26560858412180,48.71632309384500,8.314043542851530
0.8120770684630960,-0.19772233356797800,1.2570790845989600,124,87,96.54,76.25890284402430,76.26560858412180,48.71632309384500,7.958218098222560
0.666000345604197,-0.236195338224223,1.253628122732730,124,87,96.54,76.25890284402430,76.26560858412180,48.71632309384500,7.958218098222560
0.7606133862480710,-0.30476501277394700,1.252387987448650,124,87,96.55,76.25890284402430,76.26560858412180,48.71632309384500,7.958218098222560
0.8630764105912990,-0.4043540177611120,1.2513787269681400,124,87,96.56,76.25890284402430,76.26560858412180,48.71632309384500,7.958218098222560
0.810905983645064,-0.3371894359306190,1.248246200263460,124,87,96.57,76.25890284402430,76.26560858412180,48.71632309384500,7.958218098222560
0.6102410801165320,-0.01945642686644210,1.234599096101320,124,87,96.57,76.25890284402430,76.26560858412180,48.71632309384500,7.958218098222560
0.30266390357276500,-0.5769014055982560,1.217708687338950,124,87,96.56,76.25890284402430,76.26560858412180,48.71632309384500,7.958218098222560
0.04708352368632480,-0.7279094086950260,1.1986113061446400,124,87,96.56,76.25890284402430,76.26560858412180,48.71632309384500,7.958218098222560
-0.1856995546528840,1.191601990719140,1.1780418809955800,124,87,96.56,76.25890284402430,76.26560858412180,48.71632309384500,7.958218098222560
-0.37044721470360000,-3.9794234953544800,1.154883363612190,124,87,96.55,76.65939322982560,76.26560858412180,41.8728718396519,7.958218098222560
-0.5840905453573030,-0.3319993523555600,1.1181584516185300,124,87,96.56,76.65939322982560,76.26560858412180,41.8728718396519,7.958218098222560
-0.7237522121877340,-0.17907424916006600,1.0810542972427500,124,87,96.56,76.65939322982560,76.26560858412180,41.8728718396519,7.958218098222560
-0.9006868118174950,0.0899563131698812,1.0451068876347400,124,87,96.56,76.65939322982560,76.26560858412180,41.8728718396519,7.958218098222560
-1.1003353004553800,0.4022563147099050,1.0066230382235300,124,87,96.56,76.65939322982560,76.26560858412180,41.8728718396519,7.958218098222560
-1.2955164433762400,0.8721528018959800,0.9639169076640840,124,87,96.56,76.65939322982560,76.26560858412180,41.8728718396519,7.958218098222560
-0.9046916623950410,1.385863263550050,0.9114190620017510,124,87,96.55,76.65939322982560,76.26560858412180,41.8728718396519,7.958218098222560
0.5539090089035040,1.1644235779444700,0.8562193284241520,124,87,96.53,76.65939322982560,76.26560858412180,41.8728718396519,7.958218098222560
1.8367462125193000,0.0712235099944515,0.7949898983896720,124,87,96.49,76.65939322982560,76.26560858412180,41.8728718396519,7.958218098222560